BatchID,NumProcesses,AvgPriority,AvgBurstTime,AvgArrivalTime,BestAlgo,AWT,ATAT,ART
1,10,4.3,26.1,34.9,RR,94.9,121,12.5
2,10,4,10.4,105.2,SRTF,9,19.4,5.1
3,10,4.3,16.3,164.2,SRTF,30.8,47.1,19.5
4,10,5.7,18.6,214,SRTF,31.6,50.2,28.1
5,10,5.2,14.7,341.8,FCFS,5.3,20,5.3
6,10,5.1,14.2,731.5,SJF,4.9,19.1,4.9
7,10,4.3,11,966.6,SRTF,4.1,15.1,2.7
8,10,4.6,19.5,1078.6,SRTF,31.1,50.6,28.8
9,10,4.1,13.6,1141.1,SRTF,14.8,28.4,13.6
10,10,5.4,9.3,1216.8,SRTF,8.6,17.9,6.6
11,10,5.3,10.4,1275.5,RR,21.8,32.2,5.3
12,10,4.6,19.9,1330.7,SJF,42.4,62.3,42.4
13,10,4.5,14.8,1610.3,FCFS,0,14.8,0
14,10,3.2,15.5,2164.8,FCFS,5.7,21.2,5.7
15,10,4.5,9.8,2385.7,SRTF,1.6,11.4,0.9
16,10,4.9,21.6,2523.2,SRTF,30.6,52.2,30.4
17,10,5.2,33.6,2605.6,SRTF,70.7,104.3,58.6
18,10,4.2,27.7,2638.9,RR,104.7,132.4,12.7
19,10,4,21.3,2668.2,SRTF,35.6,56.9,31.3
20,10,4.7,19.7,2725.9,SRTF,28.1,47.8,22.6
21,10,4.3,13.8,2897.6,FCFS,2.7,16.5,2.7
22,10,3.8,15,3311.2,RR,0.9,15.9,0.3
23,10,5.2,16.5,3652.7,SRTF,8.1,24.6,3.4
24,10,4.5,22.1,3823.9,SRTF,33.6,55.7,19
25,10,4.8,18,3912.3,SRTF,27.5,45.5,24.8
26,10,4.8,22.6,3956,SRTF,47.8,70.4,46.5
27,10,4.3,17,4003.2,SRTF,21.4,38.4,17.2
28,10,2.9,18,4091.9,SRTF,21.9,39.9,18.9
29,10,4.8,15.5,4357.2,RR,5.1,20.6,0.9
30,10,4.5,14.3,4853.5,FCFS,0.9,15.2,0.9
31,10,5,16.9,5154.9,SRTF,7.2,24.1,5.6
32,10,5,14.2,5289.6,SRTF,1,15.2,0.7
33,10,3.5,27.7,5452.7,SRTF,51.4,79.1,50.5
34,10,4.2,25.6,5530.8,SRTF,51.3,76.9,49.1
35,10,4.2,14.5,5586.8,SRTF,16.8,31.3,9.4
36,10,4.8,22.3,5637.5,SRTF,32.5,54.8,26.7
37,10,4.4,15,5862,RR,1.6,16.6,0.2
38,10,4.5,15.5,6175.6,SRTF,2,17.5,0.7
39,10,5,25.7,6385.5,RR,92.2,117.9,9.9
40,10,3.5,8.9,6475.6,SRTF,3.6,12.5,1.5
41,10,3.7,22.8,6551.5,SRTF,52,74.8,51.2
42,10,3.8,21.8,6611.6,SRTF,26.3,48.1,22
43,10,5.3,16,6651.5,SRTF,36.7,52.7,33.1
44,10,5.3,23.1,6704.6,SRTF,33.5,56.6,32.6
45,10,4.7,15.5,6839.5,FCFS,26.8,42.3,26.8
46,10,5.9,16.3,7160.4,SRTF,2.5,18.8,1.3
47,10,3.5,18.9,7452.1,SRTF,17.7,36.6,10.7
48,10,3.5,26.9,7622.8,SRTF,9.8,36.7,6.5
49,10,5.6,17.5,7742.5,SRTF,27.6,45.1,25.3
50,10,4.1,34.9,7811.3,SRTF,53.8,88.7,39.2
51,10,4,13.1,7857.6,SRTF,27.5,40.6,24.1
52,10,4.3,22.2,7891.3,SJF,41.5,63.7,41.5
53,10,5,15.6,8021.7,RR,5.3,20.9,0.5
54,10,4.2,13.9,8316.4,RR,2.5,16.4,0.3
55,10,4.4,15.4,8696,SRTF,5.9,21.3,4.4
56,10,6.1,16.6,8845.9,RR,32.6,49.2,5
57,10,3.6,21.6,8954.6,SRTF,36.7,58.3,17.4
58,10,5.4,16.2,9022.7,RR,37,53.2,4.6
59,10,4.1,20.3,9062.6,RR,83.5,103.8,14.4
60,10,5.4,14.2,9092.4,SRTF,18.8,33,15.2
61,10,4.5,15.1,9226.9,SJF,5.2,20.3,5.2
62,10,4.2,15.2,9586.9,SRTF,1.9,17.1,0.6
63,10,3.2,28.6,9762.7,RR,139.3,167.9,10.6
64,10,4,11.5,9852.9,SRTF,5.8,17.3,3.9
65,10,4.8,14.6,9931.6,RR,47.4,62,9
66,10,5,15.4,9966.1,SRTF,20.1,35.5,10.8
67,10,4.4,19.5,10008.3,SRTF,25.1,44.6,8.2
68,10,6,14.7,10080.3,RR,43.5,58.2,7.3
69,10,3.7,15.4,10187.6,FCFS,27.3,42.7,27.3
70,10,2.6,15.8,10537.8,FCFS,2.4,18.2,2.4
71,10,4.6,18.1,10697.8,SRTF,17.7,35.8,16.4
72,10,4,13.6,10788.9,SRTF,5.8,19.4,1.2
73,10,4.1,15.9,10933,SRTF,16.7,32.6,8.9
74,10,4.1,38.5,11010.6,SRTF,53.8,92.3,53
75,10,5.6,13.9,11081.5,RR,44.4,58.3,10
76,10,4.8,20.4,11147.9,SRTF,35,55.4,33.1
77,10,4.6,14.8,11401.4,FCFS,2.9,17.7,2.9
78,10,5,15.9,11705.9,FCFS,13.4,29.3,13.4
79,10,5.5,20.5,11861.7,SRTF,19.9,40.4,14.6
80,10,3.8,14.8,12073.5,RR,6.5,21.3,0.5
81,10,4.4,9.2,12178.5,SRTF,11.5,20.7,10.4
82,10,4.2,21.8,12253.2,SRTF,25.1,46.9,20.1
83,10,5.7,20.8,12329.9,SRTF,33,53.8,31.6
84,10,4.9,21.6,12355.2,SRTF,40.9,62.5,40.6
85,10,5.5,16,12600.3,FCFS,3.6,19.6,3.6
86,10,4.4,14.5,12972.3,RR,5.1,19.6,1
87,10,3.5,18.2,13162,SRTF,15.3,33.5,12.2
88,10,5.5,9,13272.8,SRTF,3,12,0.4
89,10,4.8,27.1,13346.7,SRTF,40.1,67.2,24.2
90,10,4.4,20.5,13403,RR,55.7,76.2,6.7
91,10,4.7,21.4,13462.2,SRTF,42,63.4,41.5
92,10,4.5,14.1,13486.8,SRTF,26.7,40.8,12.1
93,10,4.5,14.2,13648.1,FCFS,6,20.2,6
94,10,4.3,14.2,14078.8,FCFS,2.1,16.3,2.1
95,10,4.6,31.6,14347.2,SRTF,72,103.6,52.8
96,10,4.3,12.1,14531.5,SRTF,3.1,15.2,2.8
97,10,3.8,13.5,14631.8,RR,55.8,69.3,14.6
98,10,4.8,16.4,14675,SRTF,15.8,32.2,12.1
99,10,3.4,12.6,14731.5,SRTF,25.3,37.9,23.8
100,10,3.8,12.3,14786.9,SRTF,8.1,20.4,7.2
101,10,5,14.4,15010.8,FCFS,4.4,18.8,4.4
102,10,4.6,15,15384.2,RR,3.4,18.4,0.4
103,10,4.1,28.2,15536.6,RR,119.7,147.9,11.7
104,10,4.4,9.8,15652.4,SRTF,4.8,14.6,3.6
105,10,4.1,20.5,15742.9,SRTF,30.5,51,20.5
106,10,4.5,24.1,15816.6,RR,113.1,137.2,12
107,10,4,33.1,15853.7,SRTF,93,126.1,66.1
108,10,4.9,20.6,15885.6,SRTF,42,62.6,41.4
109,10,3.5,14.7,16068.5,FCFS,1.4,16.1,1.4
110,10,4.1,14.4,16478.3,RR,1.9,16.3,0.3
111,10,4.4,27.1,16859.4,SRTF,23.6,50.7,12.4
112,10,4,20.2,17030,SRTF,17.5,37.7,14.2
113,10,5.1,10.7,17117.9,SRTF,11,21.7,7.5
114,10,5.2,22.7,17186.9,RR,83.1,105.8,11.4
115,10,4.4,10.9,17241,SRTF,11.7,22.6,9.9
116,10,3.9,27.8,17274.3,SJF,81.2,109,81.2
117,10,5.7,14.7,17623.5,FCFS,0.5,15.2,0.5
118,10,4.5,16,17993.5,RR,1,17,0.5
119,10,5.2,16.3,18209.4,SRTF,5.9,22.2,4.3
120,10,3.4,19.6,18287.5,SRTF,19.7,39.3,8.1
121,10,4.2,25.6,18348.3,SRTF,51.2,76.8,44.2
122,10,5.1,21.2,18385.7,SRTF,31.5,52.7,16.9
123,10,3.6,20.3,18448.4,SRTF,27.4,47.7,27.2
124,10,4.1,21,18491,SRTF,17.4,38.4,15.8
125,10,4.6,14.4,18743.3,RR,1.1,15.5,0.3
126,10,4.4,15.5,19111.9,FCFS,0.3,15.8,0.3
127,10,4.9,19.8,19336,RR,26.7,46.5,1.8
128,10,4.7,21,19495.1,SRTF,7.2,28.2,5.9
129,10,4.7,13.2,19673.4,SRTF,9.2,22.4,4.6
130,10,5.2,22.1,19742.4,SRTF,37.1,59.2,35.8
131,10,5.6,9.4,19809.4,SRTF,6,15.4,1.4
132,10,4.1,18.6,19863.9,SRTF,33.3,51.9,32.1
133,10,6.3,15,20005.6,RR,11.1,26.1,2
134,10,4.4,15.4,20370.4,FCFS,0,15.4,0
135,10,3.8,13.4,20690.2,SRTF,13.4,26.8,10.8
136,10,4.2,18.1,20758.8,RR,29.1,47.2,4.1
137,10,4.5,13.6,20811.3,SRTF,7,20.6,5.2
138,10,4,22.2,20865.5,SRTF,24.8,47,21.7
139,10,4.9,22,20914.3,SRTF,33.9,55.9,22.3
140,10,4,20.4,20941.6,SRTF,43.8,64.2,35.9
141,10,3.3,15.9,21093.2,SJF,4.3,20.2,4.3
142,10,6.3,15.4,21568.2,RR,16.4,31.8,2
143,10,3.3,11.6,21805.5,SRTF,2.5,14.1,0.6
144,10,4.7,19.5,21964.4,SRTF,7.9,27.4,5.9
145,10,4.4,17.3,22121.9,SJF,29.5,46.8,29.5
146,10,4.4,19.2,22179.8,SRTF,37,56.2,35.1
147,10,4.7,20.4,22228.2,RR,81.5,101.9,15.3
148,10,4.4,16.5,22284.6,SRTF,30.9,47.4,21.5
149,10,5.1,15.1,22419.6,SRTF,3.4,18.5,2.2
150,10,4.5,14.9,22712.3,FCFS,3.7,18.6,3.7
151,10,3.5,9.9,22981.2,SRTF,2.5,12.4,1.9
152,10,4.2,13.5,23128.3,SRTF,6.3,19.8,4.8
153,10,3.9,17.1,23224.1,SRTF,24.2,41.3,24
154,10,3.8,18.6,23257.1,SRTF,36.4,55,32.5
155,10,4.3,22.2,23308.9,SRTF,32.3,54.5,28.6
156,10,3.7,17.6,23380.4,SRTF,16.5,34.1,14.7
157,10,4.5,15,23579,RR,1.8,16.8,0.2
158,10,4.8,15.7,23889.3,FCFS,2.9,18.6,2.9
159,10,4.2,27.8,24131,SRTF,52.4,80.2,48.6
160,10,4.8,16.3,24251,SRTF,8.6,24.9,7
161,10,3.3,16.1,24332.5,SRTF,15.6,31.7,11.4
162,10,3.7,20.7,24377.9,SRTF,39.7,60.4,35.8
163,10,3.9,19.5,24433.2,SRTF,32.7,52.2,22.7
164,10,4.8,13.9,24483.5,SRTF,14.4,28.3,7.4
165,10,4,14.6,24763.4,FCFS,0.2,14.8,0.2
166,10,5.3,15,25090.9,FCFS,6,21,6
167,10,3,11.6,25278.8,SRTF,8.2,19.8,6
168,10,4.4,17.8,25384.5,SRTF,10.8,28.6,5.8
169,10,4.4,26,25453.1,SRTF,44.4,70.4,44.1
170,10,4.3,11.2,25499.1,SRTF,7.8,19,1.6
171,10,5.8,16.7,25553.1,SRTF,22.6,39.3,17.6
172,10,5.2,17.5,25619.1,SRTF,41.8,59.3,39
173,10,4.9,14.5,25918.6,SRTF,3,17.5,1.8
174,10,4.2,15.7,26397.7,SRTF,2.8,18.5,0
175,10,4.3,18.9,26602.1,SRTF,13.2,32.1,11.2
176,10,4.2,17,26685.2,SRTF,10.5,27.5,8.2
177,10,5.5,43.1,26772.5,SRTF,78.8,121.9,39.7
178,10,4.5,26.7,26830.9,SRTF,53.8,80.5,26
179,10,3.4,21.6,26863.8,SJF,46.9,68.5,46.9
180,10,4,11.6,26924.7,SRTF,14.1,25.7,9.6
181,10,4.8,14.6,27339.5,RR,2.4,17,0.3
182,10,5.4,13.9,27796.1,RR,15,28.9,2.3
183,10,5.7,22.2,27937.3,RR,55.8,78,5.7
184,10,3.3,20.8,28126.1,SRTF,9.3,30.1,8.1
185,10,3.9,17.4,28243.6,RR,70.4,87.8,9.7
186,10,4.5,13.5,28270,SJF,20,33.5,20
187,10,5.2,16.3,28294.8,SRTF,34.8,51.1,34.5
188,10,4,11.3,28329.4,SRTF,6.8,18.1,6.2
189,10,4.6,13.6,28491.7,FCFS,0.3,13.9,0.3
190,10,4.4,15.7,28736.3,FCFS,4.1,19.8,4.1
191,10,4.1,24.7,28894.5,RR,87.5,112.2,11.3
192,10,4.2,16.1,29014.2,SRTF,16,32.1,13.9
193,10,4.7,35.8,29120.4,SRTF,75.9,111.7,60.1
194,10,4.4,17.3,29155,SRTF,21.8,39.1,20
195,10,3.5,19.3,29197.2,SRTF,57.5,76.8,54.9
196,10,4.2,26.5,29226.2,SRTF,37.8,64.3,35.9
197,10,4.3,15.2,29449.7,FCFS,6.2,21.4,6.2
198,10,3.6,14.7,29723,FCFS,9.4,24.1,9.4
199,10,3.1,21.7,29916.5,SRTF,31,52.7,29.6
200,10,4.1,18.4,30079.4,SRTF,9.2,27.6,3.6
201,10,4.4,19.9,30226.3,SRTF,43,62.9,36.8
202,10,5.2,18.1,30272.9,SRTF,38.6,56.7,30.2
203,10,5.4,12.9,30308.4,SRTF,24.6,37.5,23.9
204,10,5.4,24.3,30363.7,RR,85.5,109.8,10.4
205,10,3.8,15.9,30552.9,FCFS,9.8,25.7,9.8
206,10,3.4,15.1,30792.3,FCFS,13.7,28.8,13.7
207,10,5.4,10.3,30957.9,SRTF,1.2,11.5,0.3
208,10,4.6,19.1,31143.3,SRTF,7.6,26.7,5.4
209,10,4.4,25.3,31257.3,SRTF,29.1,54.4,17.9
210,10,5.4,19.1,31297.1,SRTF,42,61.1,10.6
211,10,3.8,19.3,31321.3,SJF,32.3,51.6,32.3
212,10,4.1,15.6,31354.3,SJF,31.1,46.7,31.1
213,10,4.2,14.4,31566,RR,4.9,19.3,0.7
214,10,5,13.7,31925.5,SJF,9.8,23.5,9.8
215,10,4.6,12.3,32151.8,SRTF,2.7,15,2.3
216,10,3.8,16.3,32269.3,SRTF,12.1,28.4,10
217,10,5.1,16,32355.7,SRTF,18.9,34.9,14.7
218,10,4.9,20.9,32431,SJF,20,40.9,20
219,10,3.7,12.1,32483.7,SRTF,14.9,27,11.1
220,10,5,25.7,32533.1,SRTF,42.4,68.1,41.2
221,10,4.5,14.4,32735.5,FCFS,2.6,17,2.6
222,10,4.2,14.3,33041.1,RR,12,26.3,2
223,10,4,19.3,33198.5,SRTF,14.8,34.1,6.5
224,10,3.7,16.1,33388.2,SRTF,8.7,24.8,7.2
225,10,4.2,20.9,33464.1,SRTF,46.9,67.8,23.8
226,10,4.5,13.2,33518.3,SRTF,12,25.2,9.7
227,10,4.9,22.5,33559.7,SRTF,33.8,56.3,28.7
228,10,4.4,19.2,33604.1,SRTF,26.1,45.3,13.5
229,10,3.7,14.3,33734.2,FCFS,7.5,21.8,7.5
230,10,4.4,14.7,34056.3,FCFS,9,23.7,9
231,10,4.6,29.4,34234.4,SRTF,45.8,75.2,44.9
232,10,4.1,15.4,34366,SRTF,9.2,24.6,7.2
233,10,4.7,20.9,34426.3,SRTF,27.7,48.6,22.8
234,10,3.5,23.5,34481.1,SRTF,38.1,61.6,17
235,10,6.2,26.1,34518,SRTF,47.6,73.7,40.9
236,10,5.1,24.3,34559.6,SRTF,39.6,63.9,31.4
237,10,3.9,15.4,34849.3,RR,2.7,18.1,0.5
238,10,4.4,15.2,35281.6,FCFS,4,19.2,4
239,10,5.3,26.6,35525.6,SRTF,14.9,41.5,14.1
240,10,4.4,18.5,35757.8,SRTF,9.9,28.4,7.4
241,10,3.2,25.9,35903.7,SRTF,15.4,41.3,13.8
242,10,5.3,20,35970.1,SRTF,23.9,43.9,17.2
243,10,4.7,20.1,36023.1,SRTF,37,57.1,36.5
244,10,5.7,20.7,36061.8,SRTF,40.7,61.4,37.9
245,10,4.4,14.7,36187.7,SRTF,5.6,20.3,4.3
246,10,4,14.1,36470.7,RR,4.1,18.2,0.4
247,10,4.2,22.2,36642.2,SRTF,35.8,58,34.8
248,10,4,12.1,36771.2,SRTF,4,16.1,2.3
249,10,3.7,24,36883.8,RR,111.5,135.5,9.8
250,10,4.3,22.9,36929.4,SRTF,44.3,67.2,40.4
251,10,4.9,16.3,36965.6,SRTF,35.3,51.6,34
252,10,4.1,20.2,37008.9,SRTF,37.4,57.6,36.5
253,10,5,15.2,37215.9,RR,4.3,19.5,0.6
254,10,4.9,15.1,37622.2,RR,1.7,16.8,0.3
255,10,4.6,22.4,37820.2,SJF,38.1,60.5,38.1
256,10,4.4,20,37951.3,SRTF,9.2,29.2,2
257,10,5.7,13.8,38051.5,SJF,16.1,29.9,16.1
258,10,5.1,21.2,38109.1,SRTF,41.1,62.3,31
259,10,3.6,22.6,38164.8,SRTF,43.8,66.4,42.9
260,10,4.9,25.5,38202.6,SRTF,41.7,67.2,25.6
261,10,4.1,14.4,38409.9,RR,6.6,21,0.5
262,10,3.8,16.3,38789.7,FCFS,5.9,22.2,5.9
263,10,3.5,17.6,39116.3,SRTF,1.7,19.3,1
264,10,4.3,12.5,39335.3,SRTF,3.9,16.4,2.3
265,10,5.3,12.8,39436.1,SRTF,14.2,27,13.4
266,10,4.5,27.2,39513.4,SRTF,53.3,80.5,51.9
267,10,4.5,18.2,39542.3,SRTF,44.6,62.8,35.8
268,10,3.3,14.5,39582.9,SRTF,11.3,25.8,10.8
269,10,4.5,14.5,39801.9,RR,4.9,19.4,0.5
270,10,4.1,15.8,40159.9,RR,5.5,21.3,1.1
271,10,3.9,20.6,40365.8,SRTF,18.8,39.4,15.6
272,10,3.2,22.9,40454.2,SRTF,38.3,61.2,37.5
273,10,4.6,20.5,40513.5,SRTF,18.9,39.4,11.6
274,10,5,27.7,40560.2,SRTF,34.5,62.2,34
275,10,4.2,15.1,40608.4,SRTF,31.4,46.5,24.1
276,10,4.5,19.8,40649.6,SRTF,44.2,64,26
277,10,5.3,15.1,40996.1,RR,7,22.1,1
278,10,5.1,15.3,41553.2,RR,3.9,19.2,0.6
279,10,4.3,13.1,41818.7,SRTF,3.4,16.5,1.2
280,10,4,14.9,42062.1,SRTF,4.4,19.3,0.3
281,10,4.8,19.3,42205.2,SRTF,35.4,54.7,33.7
282,10,4.5,14.7,42245.8,SRTF,22.7,37.4,17.3
283,10,4.5,18.4,42308.5,SJF,31.5,49.9,31.5
284,10,4.6,13.5,42334.6,RR,65.8,79.3,13.6
285,10,4.6,14.1,42572.2,FCFS,1.2,15.3,1.2
286,10,3.6,14.9,42900.5,FCFS,4.4,19.3,4.4
287,10,4.7,25.1,43095.7,RR,82.4,107.5,9.5
288,10,2.9,16.2,43243.5,SRTF,6.2,22.4,4.1
289,10,4.7,12.3,43362.3,SRTF,21.9,34.2,18.8
290,10,4.1,20.7,43396.5,SRTF,46.8,67.5,29.2
291,10,3.4,14.9,43417.9,SJF,31.6,46.5,31.6
292,10,5.1,14.8,43448.1,SRTF,33.3,48.1,29.8
293,10,6.1,15.3,43665.9,FCFS,4.8,20.1,4.8
294,10,5,14.8,43887.9,RR,6.2,21,0.9
295,10,4.7,14.2,44080.4,SRTF,2.9,17.1,1.8
296,10,3.4,12.7,44231.1,SRTF,7,19.7,4.7
297,10,5.2,21.9,44315.7,SRTF,31.7,53.6,31.3
298,10,4.1,19.7,44355.9,SRTF,20.8,40.5,20.5
299,10,4.6,12.1,44408.1,SRTF,15,27.1,8.5
300,10,4.8,12.3,44450.7,SRTF,20.9,33.2,20.4
301,10,4.6,14.4,44618.5,FCFS,3,17.4,3
302,10,4.3,15.3,44855.8,FCFS,2.2,17.5,2.2
303,10,3.5,13.3,45003.9,SRTF,7.2,20.5,6.7
304,10,3.9,14.1,45087.6,SRTF,6.9,21,3.7
305,10,3.4,18,45170.7,SRTF,38.6,56.6,38.4
306,10,4.5,16.5,45200.4,SRTF,22.3,38.8,16.5
307,10,4.6,18.5,45239.5,SRTF,16.8,35.3,15.4
308,10,4.5,24.6,45277.6,SRTF,66.5,91.1,42
309,10,4,14.9,45446.5,FCFS,1.5,16.4,1.5
310,10,5.6,14.5,45803.4,RR,2.2,16.7,0.2
311,10,4.1,8.7,46041.3,SRTF,2.7,11.4,0.4
312,10,4.6,17.6,46181.2,SRTF,9.4,27,8.5
313,10,4,14,46278.5,SRTF,16.8,30.8,15.9
314,10,3.9,17.4,46330.4,SRTF,21.9,39.3,18.7
315,10,4.1,19.3,46362.5,SRTF,38.3,57.6,38
316,10,5.4,23,46402.5,SRTF,26.2,49.2,20.4
317,10,3.1,17.2,46604.2,RR,5.9,23.1,0.6
318,10,4.5,14.6,46913.9,RR,8.2,22.8,0.5
319,10,4.7,10.4,47118,SRTF,2.5,12.9,1.8
320,10,5,13.7,47196.9,SRTF,10.3,24,10
321,10,4.1,26.4,47249.6,SRTF,68.2,94.6,54.1
322,10,4.2,14.9,47307.7,SRTF,16.7,31.6,10.3
323,10,4.1,19.7,47367.4,SRTF,38,57.7,29.5
324,10,4.9,15.2,47409.9,SRTF,22.5,37.7,21.7
325,10,4.5,14.6,47568.3,FCFS,14,28.6,14
326,10,3.6,14.3,47920.9,RR,4.6,18.9,0.3
327,10,5,19.2,48093.1,SRTF,17.6,36.8,12.1
328,10,4.9,18.4,48224.6,SRTF,14.4,32.8,12.3
329,10,4.7,20.1,48339.1,SRTF,25.1,45.2,22.4
330,10,4,24.2,48393.3,SRTF,38.6,62.8,34.2
331,10,6.1,13.6,48463.2,RR,49.6,63.2,10.8
332,10,4.1,21.1,48503.9,RR,106.7,127.8,15.2
333,10,5,14.4,48638.2,SJF,5.7,20.1,5.7
334,10,6.2,15.5,49008.5,RR,4.1,19.6,0.9
335,10,4.9,18.2,49215.4,SRTF,13,31.2,7.7
336,10,4.3,10.2,49375.8,FCFS,3.2,13.4,3.2
337,10,5.1,25.3,49472.8,RR,96.7,122,9.1
338,10,4.3,17.3,49551.4,SRTF,15.7,33,13.1
339,10,5.2,30,49617.2,SRTF,63.8,93.8,54.1
340,10,3.9,20.7,49644.9,SRTF,34,54.7,33.5
341,10,5.3,14.6,49985.2,RR,1.6,16.2,0.3
342,10,4.3,13.7,50538.3,FCFS,5.6,19.3,5.6
343,10,3.8,26.2,50787.8,SRTF,17.9,44.1,17.3
344,10,4.6,19.7,50998.8,SRTF,8.6,28.3,8.1
345,10,5.2,21.4,51089.6,SRTF,28.8,50.2,27.9
346,10,3.9,23.7,51156.2,SRTF,40.3,64,30.3
347,10,4,19.5,51218.9,RR,71.7,91.2,12.3
348,10,5.3,17.2,51278.5,SRTF,21.4,38.6,15.2
349,10,3.8,15,51474.6,SRTF,6.8,21.8,5.6
350,10,4.2,14.7,51933,RR,3.3,18,0.4
351,10,3.5,17.5,52138.5,SRTF,9.1,26.6,6.3
352,10,4.4,23.4,52263.7,SRTF,22.4,45.8,19.9
353,10,5.3,18.9,52337.9,SJF,33.1,52,33.1
354,10,5.2,37.5,52371,RR,113.2,150.7,11.2
355,10,4.8,15.6,52416.9,SRTF,18.6,34.2,17.7
356,10,4.8,24.1,52481,SJF,49.3,73.4,49.3
357,10,4.3,15,52767.5,SRTF,3.6,18.6,2.3
358,10,5.5,15,53337.2,FCFS,3.1,18.1,3.1
359,10,5,22.2,53595.1,SRTF,22.5,44.7,20.5
360,10,4.3,15,53721.2,SRTF,9.8,24.8,9
361,10,4.9,18.1,53827.9,SRTF,25.6,43.7,10
362,10,5.7,15,53876.2,SRTF,11.6,26.6,8.9
363,10,5.1,26.2,53914.8,SRTF,53.3,79.5,53.1
364,10,4.3,21.5,53948.6,SRTF,49.1,70.6,48.2
365,10,4.8,14.3,54100,FCFS,1.9,16.2,1.9
366,10,4.7,15.2,54530.8,FCFS,0.3,15.5,0.3
367,10,4.6,9.5,54819.5,SRTF,0.9,10.4,0.4
368,10,4.7,15.5,55047.1,SRTF,6.1,21.6,4.4
369,10,5.6,15.1,55185.7,SJF,21.3,36.4,21.3
370,10,4.6,18.3,55254.6,SRTF,17.7,36,15.6
371,10,3.5,19.6,55314,SRTF,48,67.6,47.6
372,10,4.1,11.6,55385.5,SRTF,10.8,22.4,8.8
373,10,4.4,14.9,55600.6,FCFS,1.5,16.4,1.5
374,10,4.8,15.8,56047.2,FCFS,2.1,17.9,2.1
375,10,4.8,27.3,56308.6,SRTF,20.6,47.9,19.3
376,10,3.8,17.5,56453.1,RR,33.7,51.2,5.8
377,10,4.6,24.4,56504.8,SJF,55.2,79.6,55.2
378,10,5.5,21.1,56556.1,SRTF,30.6,51.7,28.1
379,10,4.3,19.7,56611,SRTF,21.8,41.5,6
380,10,4.6,13.8,56652.2,SRTF,24.9,38.7,24.2
381,10,4.7,15.6,56930.9,RR,25.1,40.7,3.3
382,10,4.1,15.5,57583.4,RR,2.5,18,0.2
383,10,5.6,11,57867.9,SRTF,3.4,14.4,0.5
384,10,5.2,21.5,57988.8,SRTF,25.2,46.7,7.1
385,10,4.5,12.8,58092.2,SRTF,10.1,22.9,6.5
386,10,3.7,22.6,58164,SRTF,24.9,47.5,24.1
387,10,3.9,21.9,58207.8,SRTF,35.6,57.5,35
388,10,4.1,12.7,58246,SRTF,11.6,24.3,5.5
389,10,5,15.6,58398.8,FCFS,13.8,29.4,13.8
390,10,5.2,14.9,58605.7,FCFS,12.4,27.3,12.4
391,10,4.6,14.4,58700.3,SRTF,10,24.4,9.5
392,10,4.2,17.3,58831.4,SRTF,9.9,27.2,7.7
393,10,4.3,14.3,58944.4,SRTF,26.2,40.5,23.3
394,10,5.6,11.7,58993.8,SRTF,18.8,30.5,16.9
395,10,4.5,20.8,59041.3,RR,56.4,77.2,10.8
396,10,4.3,24.6,59079.2,SRTF,47.8,72.4,20.7
397,10,5.2,14.6,59198.9,FCFS,4.5,19.1,4.5
398,10,4,14.3,59480.7,RR,4.8,19.1,0.7
399,10,4.7,14.6,59787.8,SJF,3.2,17.8,3.2
400,10,5.1,19.4,59894.3,SRTF,18.7,38.1,17.7
401,10,4.5,19.6,59957.6,SRTF,30.5,50.1,21.4
402,10,4,14.1,59988.6,SRTF,12.1,26.2,11.8
403,10,5,23.5,60038.1,RR,89.9,113.4,12.3
404,10,4.3,25.5,60075.1,SRTF,51.8,77.3,46.1
405,10,4.1,15.5,60169.7,SRTF,5.7,21.2,4.4
406,10,3.4,13.4,60400,FCFS,3.5,16.9,3.5
407,10,3.6,19,60649.3,SRTF,5,24,3.1
408,10,3.9,18.8,60802,SRTF,15.3,34.1,13.8
409,10,4.7,13.9,60873.2,SRTF,19.9,33.8,12.6
410,10,4.8,21.4,60937.4,SRTF,38.5,59.9,22.6
411,10,5.1,12.4,60977,SRTF,18.6,31,18.1
412,10,4.4,23.6,61017.9,SRTF,45.5,69.1,20.2
413,10,4.8,15.2,61165,SJF,3.2,18.4,3.2
414,10,4.3,14.9,61455.4,FCFS,1.3,16.2,1.3
415,10,4.2,14,61691.6,SRTF,11.6,25.6,6.7
416,10,4.9,23,61801.9,SRTF,19.9,42.9,17.8
417,10,4.8,27.5,61917.4,SRTF,36.6,64.1,22.7
418,10,5.7,30.2,61973.8,SRTF,51.7,81.9,49
419,10,4.3,19.3,62013.6,RR,90.5,109.8,11.3
420,10,4.4,19.2,62060,SRTF,22.7,41.9,14
421,10,4.5,15.7,62265.4,FCFS,6.4,22.1,6.4
422,10,4.4,14.4,62567.6,FCFS,4,18.4,4
423,10,5.7,12.8,62827.9,SRTF,4.9,17.7,3.3
424,10,4,16.9,63050.9,SRTF,1.3,18.2,0.7
425,10,5.3,21.5,63203.5,SRTF,39,60.5,37.3
426,10,5.4,13.7,63299.8,SRTF,11.7,25.4,5.9
427,10,3.4,22.9,63347.3,RR,112.9,135.8,13.1
428,10,4.6,22.7,63386.1,SRTF,39.2,61.9,38.5
429,10,4.5,15.6,63540.6,FCFS,2,17.6,2
430,10,4.4,14.5,63783.4,FCFS,6.1,20.6,6.1
431,10,5.1,26,63998,SRTF,22.7,48.7,22.1
432,10,4.5,8.9,64152.9,SRTF,2.2,11.1,1.7
433,10,4.8,13.5,64252.7,SRTF,13.8,27.3,13.2
434,10,3.2,7.8,64328.8,SRTF,1.6,9.4,1.3
435,10,4.5,20.8,64375,SRTF,39,59.8,26.1
436,10,4.2,28.3,64421.4,SRTF,53,81.3,51.1
437,10,5.8,16.1,64663.7,RR,1.8,17.9,0.2
438,10,4.2,15.3,65087,RR,3.3,18.6,0.4
439,10,5.2,12.9,65339.5,SRTF,1.1,14,0.2
440,10,4.5,10.2,65488.3,SRTF,1.9,12.1,0.3
441,10,5.9,20.6,65570.1,SRTF,29.7,50.3,29.6
442,10,3.6,13.9,65608.8,SRTF,13.8,27.7,12.1
443,10,4.8,20.7,65657.2,SRTF,43,63.7,42.6
444,10,4.7,25.9,65707.5,RR,69.7,95.6,7.5
445,10,4.9,15.2,66028,FCFS,4.4,19.6,4.4
446,10,4.8,15.1,66365.5,RR,11.2,26.3,1.5
447,10,4,23.7,66522.1,SRTF,24.6,48.3,23.6
448,10,5.1,19.3,66681.3,SRTF,11.3,30.6,10.8
449,10,5.5,20.6,66751.4,SRTF,31.3,51.9,30
450,10,4.7,25.6,66787.7,SRTF,49,74.6,32.6
451,10,4.5,15.3,66832.9,SRTF,10,25.3,2.3
452,10,4.6,17,66866.7,SJF,39.2,56.2,39.2
453,10,3.8,15.6,66982.4,SRTF,10.2,25.8,8.8
454,10,3.6,14.8,67245.4,FCFS,2.4,17.2,2.4
455,10,5.2,20.4,67569,SRTF,32.2,52.6,31.3
456,10,3.4,20.5,67767.2,SRTF,15.9,36.4,11
457,10,4,11.1,67841.5,SRTF,13.7,24.8,10.9
458,10,4.6,19.8,67911.6,SRTF,29.8,49.6,22.6
459,10,3.4,24.5,67964,RR,110,134.5,15.6
460,10,4.5,28.9,67995.2,SRTF,59.5,88.4,55.3
461,10,4.4,14.4,68142.8,FCFS,4,18.4,4
462,10,4,15.4,68332.1,RR,22,37.4,4.9
463,10,4,26.5,68458.7,SRTF,26.7,53.2,21.5
464,10,4.7,15.7,68648.3,SRTF,2.2,17.9,1.1
465,10,5.2,14.7,68784.1,SRTF,9.5,24.2,7.8
466,10,4.5,19.4,68887.5,RR,60.3,79.7,5.7
467,10,4.4,23.6,68926.8,SRTF,38.9,62.5,34.5
468,10,3.5,22.6,68953.8,SRTF,53.2,75.8,50.1
469,10,4.7,14.7,69091.4,SRTF,4.7,19.4,3.5
470,10,4.1,14.8,69439.4,RR,3.5,18.3,0.4
471,10,3.7,16.8,69640.2,SRTF,19.8,36.6,17.9
472,10,4.9,23,69717.9,SRTF,32.9,55.9,28.1
473,10,4.3,9.5,69814.1,SRTF,10.8,20.3,8.1
474,10,4.9,26.2,69859.2,SRTF,49.5,75.7,48.1
475,10,4.6,19.9,69901.6,SRTF,20.1,40,17.5
476,10,4.6,18.7,69934,SRTF,44.3,63,29.5
477,10,4.8,13.8,70027,FCFS,7.5,21.3,7.5
478,10,4.6,14.5,70466.5,RR,5.5,20,0.5
479,10,4.6,25.1,70691.5,SRTF,42.5,67.6,29.3
480,10,4.8,8.2,70822.4,SRTF,2.2,10.4,0.6
481,10,3.7,14.9,70917.9,SRTF,21.6,36.5,19.7
482,10,3.8,21.4,70981.3,SRTF,34,55.4,20
483,10,4.9,29.7,71028,RR,123.1,152.8,13.3
484,10,4.2,22.3,71071.5,SRTF,38.1,60.4,35.2
485,10,4.4,15.5,71345.4,FCFS,4,19.5,4
486,10,3.2,14.9,71876.6,FCFS,4.9,19.8,4.9
487,10,5,23.9,72133.7,RR,68.6,92.5,8.9
488,10,3.8,19.1,72359,SRTF,10.5,29.6,9.4
489,10,4.5,9.8,72468.8,SRTF,3.6,13.4,0.8
490,10,4,26.3,72517.8,SRTF,61.8,88.1,60.6
491,10,4.6,15.5,72547.9,RR,38.4,53.9,6.6
492,10,6,17.7,72612,SRTF,29.2,46.9,26.8
493,10,5.8,15.8,72808.9,RR,5.6,21.4,0.9
494,10,4.4,15.4,73107.5,RR,9.2,24.6,0.9
495,10,4.3,19.7,73347.8,SRTF,10.2,29.9,9.5
496,10,3.7,25.8,73464.1,RR,64,89.8,6.4
497,10,5.3,9.2,73572.8,SRTF,11.8,21,9.5
498,10,4.7,20.9,73638.1,SRTF,35.4,56.3,20.1
499,10,4.9,23.3,73689.9,SRTF,51.3,74.6,37.8
500,10,5.9,15.5,73739,SRTF,13.2,28.7,13
501,10,4.9,14.4,73974.8,FCFS,4.3,18.7,4.3
502,10,4.6,15.4,74245.7,RR,8.7,24.1,0.5
503,10,3.8,20.6,74439.3,SRTF,10.2,30.8,8
504,10,3.3,20,74571.9,RR,42.6,62.6,6.4
505,10,5.3,29,74680.6,SJF,54.9,83.9,54.9
506,10,4.2,20.2,74732.6,SRTF,34,54.2,33.3
507,10,3.9,18.9,74775.5,SJF,36.7,55.6,36.7
508,10,4.5,20,74823.3,SRTF,26.4,46.4,19.9
509,10,4.9,15.8,75006.1,FCFS,4,19.8,4
510,10,4.2,15.4,75351.4,FCFS,2.4,17.8,2.4
511,10,4.5,18.6,75657,SRTF,2.5,21.1,1
512,10,5.2,15.7,75841.6,SRTF,8.8,24.5,5.7
513,10,4.8,18.2,75904.9,SRTF,34,52.2,32.8
514,10,3.9,19.4,75945.5,SRTF,28.4,47.8,14
515,10,4.1,12.2,76010.1,SJF,24.8,37,24.8
516,10,4,24,76055.9,SRTF,62.2,86.2,57.3
517,10,4.4,14.4,76241.8,RR,7.8,22.2,0.9
518,10,5.3,14.6,76648.4,FCFS,3.6,18.2,3.6
519,10,4.3,19,76812.6,SRTF,13.5,32.5,8.4
520,10,4.7,25.5,76887.1,SRTF,53.6,79.1,51.8
521,10,4.1,21.2,76942.1,SRTF,34.3,55.5,24.4
522,10,3.5,32.9,76999.6,SRTF,55.2,88.1,52.7
523,10,4.7,19.6,77053.2,SRTF,41,60.6,40.7
524,10,4.1,20.8,77089.3,FCFS,69.2,90,69.2
525,10,4.8,14.3,77265.2,FCFS,3.7,18,3.7
526,10,5.5,14.6,77664.1,RR,5,19.6,0.5
527,10,3.6,24.5,77942,SRTF,18.5,43,9.6
528,10,4.4,17.9,78100.3,SRTF,9.4,27.3,7.2
529,10,4.1,24.7,78194.5,SRTF,29.8,54.5,25.3
530,10,4.3,23.1,78234.1,SRTF,43.5,66.6,41.3
531,10,4.1,13.7,78281.8,SRTF,14.1,27.8,4.1
532,10,3.6,18.9,78329.5,SRTF,25.8,44.7,24.9
533,10,4.4,15.8,78464.1,RR,15.2,31,2.1
534,10,3.5,15.3,78770.2,RR,16.7,32,2.9
535,10,5.1,9.1,79010.3,SRTF,3.8,12.9,2.3
536,10,4.8,6.7,79136.7,SRTF,1.3,8,1
537,10,5.1,35.7,79238.6,SRTF,78.2,113.9,67.1
538,10,5.2,16.1,79289.2,SRTF,19.9,36,13.5
539,10,4,15.3,79354.5,SRTF,25.5,40.8,6.3
540,10,3.6,20.7,79386.1,SRTF,55.8,76.5,47.1
541,10,4.3,14.7,79576.6,FCFS,3,17.7,3
542,10,4.1,15.1,79862.7,RR,10.2,25.3,1.3
543,10,4.9,16.5,80170.2,SRTF,9,25.5,7.8
544,10,4.4,15.6,80284.2,SRTF,7.1,22.7,4.5
545,10,3.7,21.6,80360.7,SRTF,38.8,60.4,32.7
546,10,6.3,13.9,80409.3,SRTF,10.2,24.1,7.7
547,10,4.8,17.1,80466.4,SRTF,20.2,37.3,19.8
548,10,4.8,19.9,80530.4,SRTF,27.1,47,25
549,10,4.3,15.7,80818.9,RR,14.5,30.2,1.8
550,10,5.7,14.6,81170.3,RR,4.9,19.5,0.3
551,10,4,20.9,81362.6,SRTF,23.2,44.1,20.7
552,10,4.4,15.7,81523.8,SRTF,16.4,32.1,14.8
553,10,5.4,34.7,81592.9,SRTF,28.9,63.6,27.7
554,10,3.7,28.2,81649.1,SRTF,32.2,60.4,15.7
555,10,4.9,20.8,81695.3,SJF,35.1,55.9,35.1
556,10,4.5,14.1,81740.9,RR,60.5,74.6,14.9
557,10,4.9,15.6,81942,RR,1.8,17.4,0.4
558,10,3.5,15.7,82181.4,RR,13.1,28.8,2.1
559,10,5.1,15.8,82391.2,SRTF,3.6,19.4,1.8
560,10,3.3,8.2,82537.5,SRTF,0.7,8.9,0.3
561,10,4.2,18.9,82621.7,SRTF,25.9,44.8,22.7
562,10,4.8,18.9,82663.9,SRTF,43,61.9,33.3
563,10,4.3,15.4,82708.2,SRTF,20.3,35.7,14.7
564,10,3.6,17.2,82741.1,SRTF,26.7,43.9,25.5
565,10,3.9,14.4,82947.6,FCFS,4.4,18.8,4.4
566,10,3.9,15.5,83211.2,FCFS,4.7,20.2,4.7
567,10,5.4,14.3,83344.4,SRTF,7.7,22,5.1
568,10,4.3,17.5,83469.3,SRTF,8.9,26.4,6.6
569,10,4.3,15.9,83545,SRTF,15.3,31.2,8.9
570,10,4.8,20.1,83615.7,SRTF,22.7,42.8,22.4
571,10,5.2,39.2,83652.9,SRTF,104.5,143.7,102.9
572,10,5.3,16.4,83701.2,SRTF,14.2,30.6,10.9
573,10,4.5,15.6,83847.6,SJF,9.6,25.2,9.6
574,10,3.4,14.8,84248.8,FCFS,1.6,16.4,1.6
575,10,6,12.7,84422.8,SRTF,7.2,19.9,4.8
576,10,4,13.4,84605.5,SRTF,7.7,21.1,0.6
577,10,4.4,20.2,84665.8,SRTF,32.3,52.5,25.4
578,10,4.9,13.1,84719.2,RR,28.7,41.8,7.9
579,10,3.9,20.2,84775.6,SRTF,22.2,42.4,17.2
580,10,4.1,15.3,84819.7,SRTF,19.4,34.7,18.7
581,10,3.9,15.5,85114.5,FCFS,3.9,19.4,3.9
582,10,4.6,15.4,85343,RR,19.1,34.5,3.2
583,10,3.9,26.2,85491.8,SRTF,33.1,59.3,31.3
584,10,3.4,9.6,85622,SRTF,1.8,11.4,0.7
585,10,4.4,29.3,85708.4,SRTF,52.6,81.9,46.2
586,10,4.9,25.4,85746.6,SRTF,48.6,74,3.4
587,10,4.5,25.5,85785.4,SRTF,42.9,68.4,35.4
588,10,5.2,14.7,85854.1,SRTF,23.9,38.6,22.7
589,10,5.1,15.1,85990.7,RR,16.2,31.3,2.9
590,10,4.5,12.7,86293.2,RR,12.1,24.8,2
591,10,4.4,9.1,86502.2,SRTF,2.1,11.2,0.5
592,10,5.5,16.6,86660.4,SRTF,22.1,38.7,9.5
593,10,4.4,13.5,86705.9,SRTF,17.2,30.7,11.9
594,10,5,31.8,86739.3,SRTF,71.8,103.6,68.3
595,10,4.2,10.4,86803.3,RR,35.4,45.8,10.5
596,10,5.1,21.6,86845.2,RR,66.3,87.9,7.9
597,10,3.6,16.2,87101.3,FCFS,2.8,19,2.8
598,10,4.4,15.1,87477.8,FCFS,2.1,17.2,2.1
599,10,4.2,10.9,87663,SRTF,7.1,18,4.2
600,10,5.2,15.7,87775.8,SRTF,5.5,21.2,4.3
601,10,4.8,29.8,87863.7,SRTF,57.3,87.1,56.1
602,10,4.9,19.5,87920.9,SRTF,40.5,60,39
603,10,4.5,20,87982.4,SRTF,29.8,49.8,27.5
604,10,4.5,14.2,88041.7,SRTF,18.9,33.1,7.7
605,10,4,14.1,88504.4,FCFS,0.2,14.3,0.2
606,10,5,14,88880.3,RR,5.5,19.5,1.4
607,10,5.2,25.2,89126.7,RR,99.3,124.5,11.3
608,10,4.4,14.3,89226.9,SRTF,6,20.3,4.6
609,10,5.8,18.1,89302.2,SRTF,27.5,45.6,15.3
610,10,3.5,24.2,89348.3,SRTF,46.9,71.1,26.7
611,10,4.6,15.7,89389.9,SRTF,14.3,30,11
612,10,5.5,27.3,89441,SRTF,46.8,74.1,39.6
613,10,4.5,15.1,89604.8,FCFS,9.9,25,9.9
614,10,5.6,14.8,89881.7,FCFS,6.8,21.6,6.8
615,10,4.8,14.9,90018.4,SJF,19.3,34.2,19.3
616,10,4.9,27.5,90191.6,SRTF,31.3,58.8,30.4
617,10,3.8,13.9,90294.3,SRTF,12.1,26,10.7
618,10,4.7,14.2,90355.9,SRTF,11,25.2,10.7
619,10,5.1,22.6,90405.6,SJF,36.5,59.1,36.5
620,10,4.7,23.7,90434.9,SJF,32.3,56,32.3
621,10,4.4,14.3,90638.9,SRTF,2.3,16.6,1.1
622,10,4.2,15.9,91010.3,FCFS,5.8,21.7,5.8
623,10,4.3,21.3,91209.7,SRTF,20.9,42.2,19.2
624,10,4.7,21.4,91386.8,SRTF,11.5,32.9,10.3
625,10,4.7,19.2,91514.4,SRTF,22.9,42.1,18.2
626,10,3.9,13.8,91562.7,SRTF,23.7,37.5,21.1
627,10,4.6,29.1,91600,SRTF,67.1,96.2,50.1
628,10,3.7,13.4,91637,SRTF,27.1,40.5,20.1
629,10,4.6,15.3,91827,RR,3.3,18.6,0.5
630,10,3.7,15.4,92247.7,RR,0.9,16.3,0.3
631,10,4.5,17.2,92451.6,SRTF,9.1,26.3,8.8
632,10,5.9,25.3,92655.3,RR,74,99.3,5.3
633,10,4.6,34.2,92817.2,RR,141.2,175.4,12.6
634,10,5.3,20.6,92890.5,SRTF,34.3,54.9,24.9
635,10,3.7,13.2,92923.6,SRTF,19.2,32.4,18.7
636,10,4.6,20.6,92974.8,SRTF,23.5,44.1,9.4
637,10,4.7,14.3,93182.9,RR,15.3,29.6,2.7
638,10,5.1,14.6,93472.6,RR,6,20.6,0.9
639,10,3.7,19.7,93743.8,SRTF,13.7,33.4,12.5
640,10,5.8,7,93874.4,SRTF,0.7,7.7,0.2
641,10,5.1,25.6,94018.7,SRTF,29.4,55,23.7
642,10,4,19,94078.9,SRTF,26.9,45.9,7.3
643,10,5.2,31.7,94147.6,SRTF,68.5,100.2,61.3
644,10,5,17.2,94183,SRTF,35.2,52.4,28.2
645,10,5.1,15,94337.7,RR,9.4,24.4,0.8
646,10,4.2,14.8,94600.5,FCFS,2.5,17.3,2.5
647,10,4.2,20.2,94783.4,SRTF,18.4,38.6,11.3
648,10,4.9,26.9,94937.6,SRTF,25.5,52.4,24.9
649,10,4.7,19.9,95046.9,SRTF,48.3,68.2,27.2
650,10,4.5,29,95095.2,SRTF,47.4,76.4,42.5
651,10,5.4,23.7,95142.2,SRTF,42.2,65.9,15.3
652,10,4.9,14.1,95199.2,SRTF,16.6,30.7,14.8
653,10,4,15.2,95375.3,SRTF,1.2,16.4,0
654,10,4.2,15.2,95624.4,FCFS,3.1,18.3,3.1
655,10,5,19.8,95862,SRTF,20.7,40.5,19.1
656,10,4.8,14.4,95957.1,SRTF,13.3,27.7,10.4
657,10,4.6,20.1,96030,RR,83.7,103.8,12.7
658,10,5.5,16.7,96069.9,SRTF,15.9,32.6,14.8
659,10,4.8,24.1,96120.9,SRTF,46.9,71,43.1
660,10,3.7,14.9,96180.8,SRTF,19.2,34.1,19
661,10,6.2,14.7,96374.6,RR,5.9,20.6,1.1
662,10,4.8,14.3,96627.3,FCFS,2.3,16.6,2.3
663,10,5.4,31.7,96795.8,RR,163.2,194.9,15.4
664,10,3.9,10.8,96898,FCFS,3.1,13.9,3.1
665,10,4.9,11.5,96968.6,SRTF,24.1,35.6,23.4
666,10,5.7,20.2,97022.5,RR,38.6,58.8,5.9
667,10,4,9.5,97085.9,SRTF,9.2,18.7,8.7
668,10,4.9,18.6,97138.9,SRTF,32.6,51.2,31.3
669,10,4.7,15.6,97341.7,FCFS,1.8,17.4,1.8
670,10,3.8,14.9,97739,FCFS,5.8,20.7,5.8
671,10,5.3,16.7,98045.6,SRTF,6.7,23.4,6.1
672,10,4.9,28,98204.4,SRTF,22.7,50.7,22.2
673,10,5.2,24.8,98313.6,SRTF,45.9,70.7,45.8
674,10,5.1,19,98389,SRTF,33.4,52.4,8.2
675,10,4.8,15.5,98443.6,SRTF,26.1,41.6,21.5
676,10,5.6,20.3,98485.7,SRTF,29.2,49.5,15.8
677,10,4.7,15.1,98648,FCFS,4.1,19.2,4.1
678,10,3.5,14.4,98946.3,FCFS,0.3,14.7,0.3
679,10,3.9,7.9,99166,SRTF,0.5,8.4,0
680,10,4.1,4.8,99318.7,SRTF,2.4,7.2,2.2
681,10,4.8,21.9,99421.8,SRTF,32.7,54.6,28.6
682,10,3.7,16.1,99466.2,SRTF,33.1,49.2,32.6
683,10,4.5,11.1,99486.3,SRTF,19.2,30.3,8.8
684,10,3.8,13.9,99517.5,SRTF,16.9,30.8,15.8
685,10,5.3,15.7,99647.7,SRTF,10.4,26.1,9.2
686,10,4.6,14.8,99983.5,FCFS,6.1,20.9,6.1
687,10,5.3,8.9,100241.5,FCFS,0.3,9.2,0.3
688,10,3.9,14.9,100395.6,SRTF,0.8,15.7,0.1
689,10,4.3,13.6,100498,SRTF,18,31.6,12.8
690,10,5.2,17.5,100550,SJF,22.7,40.2,22.7
691,10,4.9,21.3,100576.8,SRTF,49.8,71.1,32.9
692,10,5.3,19.1,100611.4,SRTF,28.3,47.4,27.3
693,10,4.8,15.1,100812.2,RR,2.8,17.9,0.4
694,10,5.7,15,101167.6,FCFS,1.4,16.4,1.4
695,10,4.7,13.5,101417.5,SRTF,1.7,15.2,1.2
696,10,4,11.9,101547.6,SRTF,4.7,16.6,2.9
697,10,4.3,17.7,101657,SRTF,34.6,52.3,25.5
698,10,4.3,17,101703.1,SRTF,21,38,20.3
699,10,5,17.8,101747.7,SRTF,45.5,63.3,34
700,10,4.5,22.4,101793.1,SRTF,50,72.4,35.6
701,10,4.6,16.3,101999.6,SRTF,5.5,21.8,4
702,10,5.4,15.2,102377.8,SRTF,3.4,18.6,2.1
703,10,4.6,28.1,102603.1,RR,47,75.1,4.6
704,10,4.7,12.7,102848.9,SJF,10.7,23.4,10.7
705,10,3.6,12.6,102918.7,RR,52.1,64.7,11
706,10,4.4,13.7,102958.4,SRTF,25.9,39.6,22.7
707,10,5.3,19.9,103006.3,SRTF,23.5,43.4,11
708,10,4.4,25.5,103081.2,SRTF,36.2,61.7,33.6
709,10,4.9,15.6,103339.3,SRTF,3.1,18.7,1.6
710,10,5.1,15.5,103669.2,RR,28.7,44.2,3.9
711,10,4.8,18.4,103893.3,RR,33.3,51.7,6.8
712,10,5.2,14.5,104072.2,SRTF,2.9,17.4,0.3
713,10,4,6,104188.5,SRTF,1.6,7.6,1.3
714,10,5.5,20.5,104255.5,SRTF,23.1,43.6,18.8
715,10,3.3,20.5,104290.1,SRTF,31,51.5,27.6
716,10,5.4,21.9,104315.5,SRTF,34.2,56.1,26.4
717,10,3.4,14.4,104504.7,RR,11.3,25.7,2.1
718,10,2.9,14.1,104855.8,FCFS,0.6,14.7,0.6
719,10,4.1,19.2,105281.4,SRTF,3.8,23,2.4
720,10,4.2,26,105466,SRTF,39.9,65.9,38.6
721,10,5.3,7.4,105540.7,SRTF,5.4,12.8,3.9
722,10,4.8,24.6,105610.9,SRTF,39.5,64.1,25.7
723,10,3.6,17.3,105671.8,SRTF,18,35.3,13.4
724,10,4.4,22.1,105701.7,SJF,60.1,82.2,60.1
725,10,3.7,15.2,105881.4,FCFS,1.1,16.3,1.1
726,10,4.8,13.7,106214.1,SRTF,3.8,17.5,2.5
727,10,5,11.2,106453,SRTF,5.7,16.9,4.1
728,10,4.6,20.7,106570.7,RR,32,52.7,6.8
729,10,5.8,21.9,106645.6,SRTF,30.7,52.6,30.1
730,10,4.3,15.4,106698.6,SRTF,16,31.4,8.7
731,10,4.2,23,106750,SRTF,50.5,73.5,46.9
732,10,6.3,28.1,106847.8,SRTF,30.7,58.8,26
733,10,5,15.2,107011.7,FCFS,4.3,19.5,4.3
734,10,4.4,15.6,107267.7,FCFS,15.4,31,15.4
735,10,5.1,17.1,107607.4,SRTF,23.6,40.7,18
736,10,4.4,20.9,107726.3,SRTF,12.1,33,10.5
737,10,3.7,35.3,107854.1,SRTF,78.8,114.1,60.8
738,10,4.7,25.1,107908.2,SRTF,39.7,64.8,26.8
739,10,4.7,22.9,107985.3,RR,84.9,107.8,13.2
740,10,4.6,37.6,108027.8,SJF,98.7,136.3,98.7
741,10,4.6,14.6,108234.1,FCFS,7,21.6,7
742,10,4.1,14.6,108502.5,FCFS,7.7,22.3,7.7
743,10,4.1,15.1,108846.6,SJF,20.4,35.5,20.4
744,10,5.1,18.9,108970.7,SRTF,26.5,45.4,21.4
745,10,4.3,28.8,109048.1,SRTF,32.9,61.7,22.1
746,10,4,18.6,109113.6,SRTF,34.7,53.3,25.3
747,10,4.5,22.1,109136.9,SRTF,38.1,60.2,37.8
748,10,3.8,15.7,109175.4,SRTF,23.4,39.1,22.3
749,10,3.8,14.9,109403.4,RR,18.5,33.4,3.2
750,10,5.8,14.7,109687.2,SJF,8.9,23.6,8.9
751,10,4.5,19.8,109879.9,SRTF,24.3,44.1,21.8
752,10,5.3,20.8,110039.3,SRTF,23.6,44.4,18.1
753,10,3.8,10.8,110119.7,SRTF,9.9,20.7,4
754,10,2.7,22.4,110182.4,SRTF,42.2,64.6,41.6
755,10,5.3,19.2,110238,RR,75.3,94.5,7.8
756,10,4.4,12.2,110288.2,SRTF,23.6,35.8,23.3
757,10,4.7,15.2,110384.9,RR,30.1,45.3,6.3
758,10,4.7,15.1,110736.3,FCFS,0.3,15.4,0.3
759,10,4.2,16.1,111027.3,SRTF,7.6,23.7,5
760,10,5.1,17.7,111184.7,SRTF,8.1,25.8,5.8
761,10,5,18.2,111284.5,SRTF,24.8,43,15.1
762,10,4.1,9.1,111345.2,SRTF,11.1,20.2,7
763,10,4.3,14.4,111389,SRTF,33.3,47.7,23.4
764,10,4.2,27.5,111430.8,SRTF,56.9,84.4,53.2
765,10,5.5,14.9,111719.2,RR,1.6,16.5,0.5
766,10,4.8,14.4,112023.9,RR,7.9,22.3,1.1
767,10,3.4,10.5,112290.4,SRTF,0.8,11.3,0.1
768,10,6,23.8,112522.4,RR,21.7,45.5,3
769,10,4.1,28.9,112632.4,SRTF,46.9,75.8,45.5
770,10,4.9,17.3,112667.4,SRTF,32.7,50,20.3
771,10,4,19.3,112717.4,SRTF,28.6,47.9,26.7
772,10,4.7,10.8,112754.1,SJF,21.8,32.6,21.8
773,10,4.9,14.6,112957.9,FCFS,0.2,14.8,0.2
774,10,4.5,16.9,113265.6,FCFS,4.2,21.1,4.2
775,10,5.5,29.1,113489.8,RR,98.7,127.8,9.5
776,10,4.2,24.9,113637.1,SRTF,37.2,62.1,22.7
777,10,4.5,10.4,113721.4,SRTF,20.2,30.6,17.5
778,10,4.4,18.8,113750.4,SRTF,33,51.8,32.8
779,10,5.3,21.4,113781.3,SRTF,41.6,63,40.8
780,10,4.8,14.4,113808,SRTF,33.4,47.8,19
781,10,4.6,15.4,113998.9,RR,14.8,30.2,2.9
782,10,4.2,15,114318.1,FCFS,2.7,17.7,2.7
783,10,4.9,15.3,114535.5,SRTF,4,19.3,3
784,10,5.2,29.9,114771.6,RR,80.2,110.1,10.1
785,10,4.1,17.6,114910.2,SRTF,26.7,44.3,20.2
786,10,4.3,12.1,114953.2,SRTF,23.6,35.7,21.7
787,10,4.7,23.5,114992.6,SRTF,43,66.5,40.6
788,10,4.1,16.5,115049.8,SRTF,21.3,37.8,20.1
789,10,4.9,15,115231.6,FCFS,5.1,20.1,5.1
790,10,4.8,16.3,115616.7,FCFS,1.8,18.1,1.8
791,10,4.6,17.9,115798.4,RR,53.5,71.4,9.4
792,10,4.6,22.5,115943.2,SRTF,27.3,49.8,22.4
793,10,4.4,18.5,116046.8,SRTF,10.1,28.6,8.8
794,10,4.4,15.4,116104.8,SRTF,25.4,40.8,24.9
795,10,4.6,16.2,116153.1,SRTF,27.3,43.5,24
796,10,4.4,18.9,116188.9,SRTF,53.7,72.6,52.1
797,10,5,14.1,116435.9,RR,1.1,15.2,0.5
798,10,3.6,15.5,116741,FCFS,4.6,20.1,4.6
799,10,3.9,23.6,116973.5,SRTF,12.7,36.3,12.2
800,10,4.4,16.2,117111.2,SRTF,9.5,25.7,5.1
801,10,4.7,18.2,117213.6,SRTF,9.1,27.3,1
802,10,4.8,13.8,117285.6,SRTF,19.9,33.7,16.3
803,10,4.4,13.2,117316.9,SRTF,28.1,41.3,15
804,10,3.3,15.6,117369.6,SRTF,19.6,35.2,14.3
805,10,4.9,15.2,117641.4,FCFS,0.9,16.1,0.9
806,10,4.4,14.8,118060.8,SRTF,2,16.8,0.8
807,10,5.5,11,118263.7,SJF,3.6,14.6,3.6
808,10,5.6,17.4,118408.4,SRTF,13.9,31.3,11.9
809,10,4.2,27.4,118479.3,SRTF,56.4,83.8,39.9
810,10,5.3,9.7,118545.4,SJF,8,17.7,8
811,10,4.4,22,118589.1,SRTF,18.8,40.8,16.4
812,10,3.8,26.3,118628,SRTF,54.6,80.9,53.1
813,10,6.2,14.7,118836.1,FCFS,0.9,15.6,0.9
814,10,3.5,14.8,119175.9,FCFS,4.9,19.7,4.9
815,10,4.8,16.6,119345.8,SRTF,12.4,29,11
816,10,5.6,20.2,119441.5,RR,54.1,74.3,8.9
817,10,4.7,22.7,119531.2,SRTF,32.3,55,29.6
818,10,4.6,24.3,119570,SRTF,52.2,76.5,39.5
819,10,4.9,22.2,119611,SRTF,25.1,47.3,13
820,10,5.1,26.8,119661.8,SRTF,45.4,72.2,38.9
821,10,5.7,15.1,119772,SRTF,9.8,24.9,8.6
822,10,5.2,15.5,120065,FCFS,2.1,17.6,2.1
823,10,4.9,15.3,120252.6,SRTF,8,23.3,5.6
824,10,5.7,11.5,120339.3,SJF,15.5,27,15.5
825,10,5.2,25,120421.9,SRTF,13.5,38.5,11.7
826,10,5.5,13.1,120492.3,SRTF,18.6,31.7,18.5
827,10,3.7,19.4,120555.5,SRTF,42.8,62.2,40.9
828,10,5.6,24.8,120618.4,SRTF,46.3,71.1,27.2
829,10,5.7,14.3,120770.3,RR,6.6,20.9,1
830,10,4.1,14.4,121144.8,RR,2.4,16.8,0.2
831,10,3.9,16.5,121416,SRTF,11.8,28.3,5.1
832,10,3,19.1,121539,SRTF,19.7,38.8,12.3
833,10,3.9,21.5,121601.4,SRTF,32.3,53.8,27
834,10,4.4,22.5,121661.9,SRTF,19.4,41.9,5.3
835,10,5.2,9.3,121706,SRTF,8.6,17.9,7.8
836,10,3.7,24,121782,SRTF,33.9,57.9,33.3
837,10,5.4,15.1,121989.7,FCFS,2.5,17.6,2.5
838,10,5.6,15.1,122396.3,RR,2.6,17.7,0.2
839,10,4.3,11.2,122646.4,SRTF,3.7,14.9,2.3
840,10,4.1,13.7,122748.8,SRTF,12.2,25.9,10.3
841,10,4.5,11.5,122821,SRTF,11.3,22.8,5.3
842,10,4.8,25.3,122877,SRTF,36.3,61.6,27.7
843,10,3.9,14.4,122930.3,SRTF,16.8,31.2,6.2
844,10,4.6,12.3,122977.1,SRTF,13.7,26,12.7
845,10,4.4,14.1,123163.2,SJF,2.5,16.6,2.5
846,10,5.1,15.9,123543.2,RR,7.6,23.5,0.7
847,10,3.7,25.9,123792.4,SRTF,32.7,58.6,17.4
848,10,4.2,26.6,123928.6,RR,56.7,83.3,7.2
849,10,3.9,21.1,124031.2,SRTF,31.8,52.9,29.2
850,10,5,32.3,124079.9,RR,134.1,166.4,12.9
851,10,5.3,16.8,124129.5,SRTF,30.7,47.5,26.9
852,10,4.8,15.1,124191,SRTF,17.6,32.7,16.6
853,10,5.8,14.5,124492.8,FCFS,5.3,19.8,5.3
854,10,3.9,15.7,124833.3,FCFS,1.3,17,1.3
855,10,4.5,22.3,125081.4,SRTF,25.6,47.9,24.4
856,10,4.2,28.9,125229.7,SRTF,51.4,80.3,51
857,10,5.5,26.9,125317.7,SRTF,36.1,63,35.7
858,10,5.5,16.9,125372.4,SRTF,27.9,44.8,19.5
859,10,4.8,14.2,125439,SRTF,16.7,30.9,10.3
860,10,4.5,11,125504.9,SRTF,11.8,22.8,10.8
861,10,4.2,14.7,125698.3,FCFS,1.6,16.3,1.6
862,10,3.9,14.7,125960.4,SRTF,2.1,16.8,0.9
863,10,5.5,24.1,126207.3,SRTF,9.7,33.8,8.5
864,10,4.1,8.5,126374.2,SRTF,1.2,9.7,0.7
865,10,3.7,32.7,126476.4,SRTF,44.1,76.8,24.8
866,10,4.1,19.9,126514.7,SRTF,30,49.9,29.7
867,10,3.7,23.6,126576,SRTF,31,54.6,18.8
868,10,4.4,22.6,126655.7,SRTF,30.2,52.8,2.5
869,10,4.2,15.9,126791.3,RR,12.1,28,1.8
870,10,5.4,15.2,127072.4,FCFS,1.9,17.1,1.9
871,10,4.6,15.7,127293.9,RR,18.8,34.5,2.1
872,10,3.8,20.9,127431,SRTF,20.7,41.6,18.7
873,10,4.4,32.9,127498.2,SRTF,52.1,85,49.9
874,10,3.4,12.1,127547.3,SRTF,19.3,31.4,16.9
875,10,3.9,25.2,127583.5,SRTF,41.7,66.9,40.7
876,10,4.8,22.5,127624.9,SRTF,40.2,62.7,38.2
877,10,5.5,14.6,127832.7,SRTF,8.2,22.8,3
878,10,4.5,14.4,128305.9,FCFS,1.7,16.1,1.7
879,10,4,20.9,128723.5,SRTF,8.7,29.6,7.9
880,10,6.5,15.3,128921.3,SRTF,7.7,23,5.5
881,10,5.2,17,129040,SRTF,15.7,32.7,9.7
882,10,4.6,11.9,129093.9,SJF,13.2,25.1,13.2
883,10,4.5,21.6,129131.5,SJF,36,57.6,36
884,10,3.9,19.4,129157.2,SRTF,27.5,46.9,26.3
885,10,4.4,14.6,129364.4,RR,2.4,17,0.2
886,10,4.1,15.2,129585.3,FCFS,5.6,20.8,5.6
887,10,5.4,4.9,129732.4,SRTF,1.1,6,0.9
888,10,5,19.8,129880.9,SRTF,3.5,23.3,2
889,10,4.2,24.3,129990,RR,72.1,96.4,11.8
890,10,4.8,28.2,130040.5,RR,172.6,200.8,13.6
891,10,4.5,17.8,130072.1,SRTF,25.3,43.1,24.7
892,10,4.4,15.2,130120.3,FCFS,47.6,62.8,47.6
893,10,4.8,15.5,130229.4,FCFS,24.8,40.3,24.8
894,10,4.7,14.9,130351.1,FCFS,14.5,29.4,14.5
895,10,4.7,24.3,130511.4,SRTF,38.9,63.2,37.6
896,10,5.4,23.6,130620.9,SRTF,22.5,46.1,11.3
897,10,4.8,11.1,130707.5,SRTF,7.7,18.8,7.2
898,10,4.6,16.1,130773.8,SRTF,21.7,37.8,16.7
899,10,4.8,17.8,130812.3,SRTF,32.1,49.9,29.9
900,10,5.9,14.9,130840.7,SRTF,13.2,28.1,6.4
901,10,4.7,14.9,130995.7,FCFS,1.3,16.2,1.3
902,10,5.2,15.7,131420.6,FCFS,1.4,17.1,1.4
903,10,4.3,12.7,131684.6,SRTF,5.4,18.1,3.1
904,10,4.2,11.5,131803.6,SRTF,4.5,16,2
905,10,5.5,28.7,131898.6,SRTF,28.2,56.9,27
906,10,3.9,12.5,131950.8,SRTF,26.4,38.9,26.2
907,10,5.3,15.2,131968.7,SRTF,29.9,45.1,29.3
908,10,5,19.4,131996.1,SJF,22.7,42.1,22.7
909,10,4.5,15.5,132149.1,SRTF,3.3,18.8,2.1
910,10,4.4,15.3,132395.4,SJF,5.3,20.6,5.3
911,10,5.4,12.4,132628.6,SRTF,5.7,18.1,4.5
912,10,3.8,20.2,132743.3,SRTF,14.2,34.4,11.4
913,10,4.3,20,132809.3,SRTF,29.7,49.7,28.1
914,10,4.7,19.3,132848.2,SRTF,41.7,61,26
915,10,4.7,23.2,132881.5,SRTF,39.7,62.9,35.6
916,10,4.7,21.8,132923.2,SRTF,41.8,63.6,39.5
917,10,4.6,15.5,133071.5,FCFS,3.2,18.7,3.2
918,10,4.8,14.9,133293.4,FCFS,10.8,25.7,10.8
919,10,5.7,17.1,133565.3,SRTF,1.5,18.6,0.5
920,10,5.1,21.1,133737.1,SRTF,19.3,40.4,15
921,10,3.9,17.5,133823.3,SRTF,31.7,49.2,17.8
922,10,4.4,29.5,133875,SRTF,61.5,91,52.4
923,10,4.9,23.1,133922.9,SRTF,41.8,64.9,35.6
924,10,4.8,10.9,133974.1,SRTF,9.9,20.8,5.6
925,10,4.8,14.8,134213.3,RR,4.7,19.5,0.6
926,10,4.8,15,134567,SRTF,7.5,22.5,5.1
927,10,6.4,20.6,134746.4,SRTF,25.8,46.4,24.6
928,10,5.5,20.5,134899.4,SRTF,15,35.5,13.8
929,10,4.2,19.8,135091.7,SRTF,40.3,60.1,36.3
930,10,5,29.4,135173.7,SRTF,62.7,92.1,62.1
931,10,3.4,29,135220.2,SJF,98.8,127.8,98.8
932,10,5.1,19.5,135271.5,SRTF,22.8,42.3,19.1
933,10,4.9,14.6,135412.9,SJF,9.4,24,9.4
934,10,4.8,14.6,135662.7,FCFS,4.6,19.2,4.6
935,10,5.2,21,135915.3,SRTF,21.3,42.3,19.7
936,10,3.1,22.6,136073.7,SRTF,20.5,43.1,19.5
937,10,5.2,29.5,136180.3,SRTF,58.8,88.3,48.3
938,10,4.4,21.8,136239.4,SJF,30.3,52.1,30.3
939,10,4.5,21.8,136281.6,SRTF,33.1,54.9,23.9
940,10,5,22.9,136313.5,SRTF,37.4,60.3,37.1
941,10,4.2,13.9,136508.4,FCFS,0,13.9,0
942,10,4.3,15.1,136831.4,RR,6.2,21.3,1
943,10,4.9,21.6,136956.6,SRTF,27.6,49.2,22.4
944,10,4.5,14.3,137051.6,RR,24.5,38.8,4.8
945,10,5,27.7,137111.4,SRTF,54,81.7,51.2
946,10,4.4,16.7,137171.2,SRTF,14.3,31,10.2
947,10,4.4,17,137231.6,SRTF,28.5,45.5,28
948,10,4,27.9,137288.4,SRTF,55,82.9,37.1
949,10,4,14.8,137461.7,RR,12.6,27.4,1.6
950,10,4.2,15.5,137835.7,RR,3.3,18.8,0.2
951,10,4,20.4,138114.4,RR,37.4,57.8,5.5
952,10,4.3,14.6,138212,SRTF,12.2,26.8,10.5
953,10,4.3,13.5,138271.5,SRTF,29.2,42.7,26.9
954,10,4.6,25.2,138298.9,SRTF,58.6,83.8,57
955,10,4.5,17.1,138332.6,SRTF,44.1,61.2,42
956,10,4.3,16.7,138373.3,SRTF,43.3,60,32
957,10,5.4,15.2,138634.4,FCFS,3.4,18.6,3.4
958,10,4.8,14.8,138905.1,FCFS,6,20.8,6
959,10,4.7,10.4,139114.9,SRTF,8.9,19.3,8.2
960,10,4.1,17.6,139242.4,SRTF,2.1,19.7,1.1
961,10,5.1,27.9,139401.2,SRTF,43.9,71.8,11.9
962,10,3.4,13.6,139474.6,SRTF,15.8,29.4,10.8
963,10,4.4,25.5,139511.8,SRTF,33.1,58.6,29.8
964,10,5.1,19.4,139572.3,SRTF,43.4,62.8,29.5
965,10,5.3,14.8,139739.3,RR,20.2,35,3.9
966,10,5.2,14.4,140019.3,FCFS,2.9,17.3,2.9
967,10,3.6,14.1,140178.9,SRTF,7.3,21.4,3.3
968,10,4.6,18,140320.6,SRTF,14.4,32.4,13.1
969,10,4.3,15.6,140421.5,SJF,29.8,45.4,29.8
970,10,4.7,12.9,140471.6,RR,41,53.9,9.8
971,10,4.9,17.1,140541.4,SRTF,27.5,44.6,26.6
972,10,5,12.6,140587.5,RR,57.3,69.9,13.5
973,10,4,15.7,140682,SRTF,10.2,25.9,7.1
974,10,4.8,14.4,140900.1,SRTF,3.6,18,2.4
975,10,5.8,19.1,141063.9,SRTF,8.9,28,4.6
976,10,4.3,24.1,141193.4,SRTF,55.5,79.6,53
977,10,3.6,25.2,141231.2,SJF,37.8,63,37.8
978,10,4.3,11.8,141285.6,SRTF,7.8,19.6,7.3
979,10,4.7,14.8,141340.5,SRTF,26.7,41.5,18.8
980,10,4.1,11.4,141376.6,SRTF,18.7,30.1,18
981,10,4.2,14.7,141715.8,RR,0.9,15.6,0.3
982,10,4.4,15.9,142051.4,FCFS,15.3,31.2,15.3
983,10,4.3,23.5,142181.2,RR,58.1,81.6,8.8
984,10,5.4,17.4,142318.5,SRTF,13,30.4,11.4
985,10,3.8,19.6,142429.1,SRTF,25,44.6,17
986,10,4.6,26.5,142500.5,SRTF,43.2,69.7,41.6
987,10,4.4,15.6,142550,SRTF,22.5,38.1,15.2
988,10,3.7,14.8,142617,SRTF,24.6,39.4,18.8
989,10,4.4,15,142847.1,SJF,2,17,2
990,10,5,16.2,143237.2,FCFS,2.1,18.3,2.1
991,10,4.2,26.1,143406,SRTF,58.1,84.2,56.5
992,10,4.9,29.4,143493.9,RR,111.3,140.7,13.4
993,10,4.3,27.5,143548.2,SRTF,54.4,81.9,54.1
994,10,4.2,20.5,143588.9,SRTF,32.4,52.9,32.2
995,10,4.7,23.7,143638.5,SRTF,54.4,78.1,42.9
996,10,4.5,23.7,143674.4,SRTF,45.8,69.5,37
997,10,4.3,14,143803.2,FCFS,1.3,15.3,1.3
998,10,4.1,15.2,144039.7,SRTF,3.3,18.5,2.1
999,10,6.1,15.7,144225.4,SRTF,3.9,19.6,1.9
1000,10,3.9,23.4,144429.5,SRTF,27,50.4,25.2